Country,Kidney Disease Rate,Malaria Rate,Skin Cancer Rate,Population,Latitude,Longitude,Weathercode,Max Temp.,Min Temp.,Precipitation,Rain,Shortwave Radiation,People with Kidney D.,People with Malaria,People with Skin Cancer,Risk Evaluation
Micronesia,77.01,0.0,1.43,45125.0,6.96247,151.92687,82.78,28.48,27.61,11.69,0.14,19.33,34750.76,0.0,645.29,Low Risk Country
Nicaragua,73.96,0.0,1.27,3029006.0,12.60916,-85.87203,32.58,28.65,21.73,1.75,0.3,19.31,2240252.84,0.0,38468.38,Low Risk Country
El Salvador,72.9,0.0,0.88,2951847.0,13.68704,-88.91846,77.65,28.29,21.42,7.11,0.35,18.78,2151896.46,0.0,25976.25,Low Risk Country
Lesotho,69.87,0.0,3.61,382042.0,-29.49223,27.9977,29.08,17.89,6.34,1.49,0.24,19.22,266932.75,0.0,13791.72,Medium Risk Country
Swaziland,62.97,0.02,3.84,276340.0,-26.5149,31.44404,27.06,26.57,14.23,1.45,0.13,17.07,174011.3,55.27,10611.46,Medium Risk Country
Kiribati,56.66,0.0,0.66,86737.0,1.75469,99.51497,64.51,27.24,20.64,8.45,0.58,13.92,49145.18,0.0,572.46,Low Risk Country
Bolivia,55.82,0.0,1.76,7348242.0,-17.52899,-65.39906,48.67,31.31,24.34,1.55,0.65,15.92,4101788.68,0.0,129329.06,Low Risk Country
Guatemala,55.14,0.0,1.71,7245866.0,14.91936,-90.85062,53.34,25.37,15.38,3.0,0.41,19.15,3995370.51,0.0,123904.31,Low Risk Country
Suriname,52.54,0.0,0.19,316458.0,5.66155,-55.35036,77.5,31.4,23.41,7.85,0.04,17.04,166267.03,0.0,601.27,Low Risk Country
Philippines,51.96,0.1,0.52,63101432.0,11.88842,122.74327,93.1,28.99,27.48,21.35,0.43,17.29,32787504.07,63101.43,328127.45,Low Risk Country
Saudi Arabia,50.63,0.0,0.27,20186461.0,24.31259,44.32945,3.34,35.93,25.92,0.01,0.0,23.15,10220405.2,0.0,54503.44,Low Risk Country
Honduras,49.37,0.0,1.09,3731858.0,14.82696,-87.48465,77.71,26.96,19.55,8.06,0.17,18.75,1842418.29,0.0,40677.25,Low Risk Country
Sao Tome,46.72,0.19,0.0,,,,,,,,,,,,,Low Risk Country
Cameroon,46.48,34.53,1.92,8684197.0,5.5976,11.5176,77.88,27.25,19.74,6.05,0.17,16.52,4036414.77,2998653.22,166736.58,Medium Risk Country
Afghanistan,46.1,0.55,1.03,8901706.0,34.64512,67.56647,14.19,6.4,-0.67,0.73,0.3,22.33,4103686.47,48959.38,91687.57,Low Risk Country
Vanuatu,43.29,0.0,0.0,57560.0,-16.14644,167.77029,65.66,27.75,26.44,5.42,0.07,20.45,24917.72,0.0,0.0,Low Risk Country
Fiji,43.25,0.0,0.26,223055.0,-17.04153,133.48764,11.99,32.37,18.12,1.13,0.21,21.69,96471.29,0.0,579.94,Low Risk Country
Qatar,43.2,0.0,0.55,735253.0,25.51663,51.31611,3.98,38.62,26.82,0.06,0.0,22.8,317629.3,0.0,4043.89,Low Risk Country
Pakistan,42.04,0.27,1.16,53608445.0,30.36132,71.06122,30.93,33.81,24.25,4.53,0.1,18.22,22536990.28,144742.8,621857.96,Low Risk Country
Mauritius,41.13,0.0,0.24,1122682.0,-20.08225,57.72436,8.29,26.31,18.95,0.04,0.01,20.44,461759.11,0.0,2694.44,Low Risk Country
Seychelles,40.23,0.0,1.1,48029.0,-4.63952,55.50569,35.54,26.56,25.62,2.62,0.0,20.27,19322.07,0.0,528.32,Low Risk Country
Arab Emirates,40.17,0.0,4.56,,,,,,,,,,,,,Medium Risk Country
Samoa,39.81,0.0,1.24,80308.0,-13.80836,-171.94363,26.71,30.33,25.17,1.18,0.0,19.16,31970.61,0.0,995.82,Low Risk Country
Botswana,38.81,0.03,4.55,1073335.0,-22.8774,25.73956,11.3,29.62,15.29,0.49,0.02,21.0,416561.31,322.0,48836.74,Medium Risk Country
Laos,38.6,0.15,1.43,,,,,,,,,,,,,Low Risk Country
Equ. Guinea,37.97,36.88,3.32,,,,,,,,,,,,,High Risk Country
Gabon,37.95,28.76,3.19,981677.0,-0.86191,11.4249,57.8,26.35,20.16,7.29,0.03,13.77,372546.42,282330.31,31315.5,High Risk Country
Ecuador,37.41,0.0,1.8,7532640.0,-1.53679,-79.48271,32.37,27.27,20.28,0.19,0.09,12.53,2817960.62,0.0,135587.52,Low Risk Country
Iraq,37.39,0.0,2.0,25118865.0,34.12057,44.62265,3.8,38.05,25.26,0.24,0.03,21.85,9391943.62,0.0,502377.3,Low Risk Country
Tonga,37.08,0.0,2.61,49007.0,-20.27344,-174.79847,31.44,25.16,24.12,2.07,0.04,19.15,18171.8,0.0,1279.08,Low Risk Country
Cote d Ivoire,37.04,39.85,1.46,,,,,,,,,,,,,Medium Risk Country
Belize,37.02,0.0,0.0,213119.0,17.54496,-88.56441,62.61,30.87,23.91,3.52,0.21,17.96,78896.65,0.0,0.0,Low Risk Country
Mexico,36.72,0.0,1.53,107338689.0,20.20435,-99.27358,45.93,24.79,11.91,0.91,0.03,20.65,39414766.6,0.0,1642281.94,Low Risk Country
Zimbabwe,35.89,12.22,4.64,4105234.0,-18.56468,30.32243,16.53,26.99,12.64,1.24,0.05,21.3,1473368.48,501659.59,190482.86,High Risk Country
South Africa,35.72,0.14,2.47,35151982.0,-28.99749,26.6567,24.84,24.09,6.38,0.72,0.09,19.82,12556287.97,49212.77,868253.96,Low Risk Country
Central Africa,35.36,48.35,2.26,,,,,,,,,,,,,Medium Risk Country
Guinea,35.3,45.2,3.0,4722032.0,10.27047,-11.67491,81.96,28.4,21.39,11.38,0.53,16.13,1666877.3,2134358.46,141660.96,High Risk Country
Haiti,35.03,0.34,0.77,4533238.0,18.99844,-72.7241,47.25,31.57,25.57,2.07,0.0,22.1,1587993.27,15413.01,34905.93,Low Risk Country
Bahrain,34.93,0.0,0.1,562545.0,26.17683,50.57041,4.07,36.99,28.4,0.01,0.0,22.34,196496.97,0.0,562.54,Low Risk Country
Guinea-Bissau,34.24,53.39,2.2,517513.0,11.94978,-15.19392,72.02,31.07,23.87,7.56,0.2,17.24,177196.45,276300.19,11385.29,Medium Risk Country
Saint Lucia,34.17,0.0,0.0,55611.0,13.88641,-60.98014,47.29,28.98,24.62,2.15,0.01,20.42,19002.28,0.0,0.0,Low Risk Country
Brunei,33.89,0.0,0.49,,,,,,,,,,,,,Low Risk Country
Togo,33.57,52.24,4.71,1565638.0,8.26495,1.06755,68.79,29.71,21.76,5.99,0.18,17.23,525584.68,817889.29,73741.55,High Risk Country
Benin,33.45,42.51,2.06,3022187.0,7.94135,2.27579,57.07,30.36,22.96,5.08,0.15,17.5,1010921.55,1284731.69,62257.05,Medium Risk Country
Guyana,32.95,3.88,0.71,369776.0,6.33565,-58.29804,88.22,30.36,23.54,6.84,0.02,15.45,121841.19,14347.31,2625.41,Low Risk Country
Egypt,32.58,0.0,1.52,39513421.0,29.35082,31.41295,1.81,31.79,21.62,0.05,0.0,23.36,12873472.56,0.0,600604.0,Low Risk Country
Senegal,32.13,42.82,2.17,6078930.0,14.49471,-15.68095,44.2,33.57,23.72,3.77,0.13,20.1,1953160.21,2602997.83,131912.78,Medium Risk Country
Gambia,32.04,46.43,0.01,736951.0,13.45516,-15.28144,58.34,32.81,23.61,5.42,0.05,18.48,236119.1,342166.35,73.7,Medium Risk Country
Somalia,31.84,16.08,2.55,5226266.0,5.5488,45.5609,9.81,32.73,22.14,0.34,0.0,20.29,1664043.09,840383.57,133269.78,Medium Risk Country
Morocco,31.77,0.0,1.5,16301564.0,32.81199,-6.28986,10.19,31.67,17.64,0.45,0.1,21.56,5179006.88,0.0,244523.46,Low Risk Country
Burkina Faso,31.16,49.69,2.91,2481823.0,12.4726,-1.58243,47.39,32.72,23.27,3.21,0.07,20.24,773336.05,1233217.85,72221.05,Medium Risk Country
Bahamas,30.95,0.0,0.23,357957.0,24.66915,-76.46025,46.15,28.38,27.1,0.9,0.0,21.93,110787.69,0.0,823.3,Low Risk Country
Djibouti,30.92,7.73,1.78,749274.0,11.63446,42.80335,20.18,36.52,30.0,0.76,0.0,21.27,231675.52,57918.88,13337.08,Low Risk Country
Mozambique,30.57,44.55,4.25,4928874.0,-19.60292,35.65032,29.3,24.66,23.28,1.67,0.02,20.27,1506756.78,2195813.37,209477.14,High Risk Country
Chad,30.51,49.56,2.38,1680347.0,12.00826,17.62415,52.37,33.59,22.82,3.28,0.01,20.42,512673.87,832779.97,39992.26,Medium Risk Country
Ghana,30.38,48.0,1.57,7287342.0,6.74788,-0.98343,63.82,28.47,22.15,5.46,0.11,16.76,2213894.5,3497924.16,114411.27,Medium Risk Country
Eritrea,30.38,13.87,1.58,764691.0,14.89866,39.09706,42.29,26.25,14.41,2.01,0.17,19.98,232313.13,106062.64,12082.12,Medium Risk Country
Jordan,30.36,0.0,0.64,4283016.0,31.87241,35.87816,6.1,27.33,17.71,0.2,0.03,22.72,1300323.66,0.0,27411.3,Low Risk Country
Sierra Leone,30.17,61.6,2.64,1913541.0,8.36511,-11.78692,88.1,28.79,23.38,12.38,0.53,13.77,577315.32,1178741.26,50517.48,Medium Risk Country
Congo,29.78,49.23,1.82,19537679.0,-2.91507,20.81363,67.31,31.25,22.41,4.25,0.07,17.74,5818320.81,9618399.37,355585.76,Medium Risk Country
Niger,29.61,43.6,3.18,2038086.0,14.32147,6.38509,40.48,33.72,23.14,2.55,0.09,22.22,603477.26,888605.5,64811.13,High Risk Country
Grenada,29.59,0.0,0.42,19251.0,12.18297,-61.65394,73.79,27.69,24.39,5.41,0.01,18.07,5696.37,0.0,80.85,Low Risk Country
Zambia,29.46,54.16,1.87,3891743.0,-13.31592,28.22202,13.01,28.37,14.4,0.69,0.03,22.14,1146507.49,2107768.01,72775.59,Medium Risk Country
Mali,29.19,36.98,2.74,2501890.0,14.35515,-5.27178,39.11,33.66,23.84,3.32,0.04,20.44,730301.69,925198.92,68551.79,Medium Risk Country
Maldives,29.04,0.0,0.01,187889.0,3.11866,73.28182,61.46,27.92,26.93,6.61,0.07,19.74,54562.97,0.0,18.79,Low Risk Country
Libya,28.7,0.0,0.5,,,,,,,,,,,,,Low Risk Country
Mauritania,28.66,43.02,2.41,1093457.0,18.01638,-13.50481,11.11,37.54,26.19,0.73,0.06,23.58,313384.78,470405.2,26352.31,Medium Risk Country
Paraguay,27.94,0.0,2.19,4020506.0,-25.42636,-56.565,33.24,26.08,14.89,3.51,0.37,16.45,1123329.38,0.0,88049.08,Low Risk Country
Liberia,27.8,52.62,2.29,1256173.0,6.37482,-9.3899,76.68,28.02,22.41,5.89,0.17,13.93,349216.09,660998.23,28766.36,Medium Risk Country
Comoros,27.0,4.6,2.85,361020.0,-11.95965,43.87025,19.93,25.67,24.59,0.5,0.0,22.81,97475.4,16606.92,10289.07,Low Risk Country
Timor-Leste,26.48,0.0,0.63,339746.0,-8.76566,125.6933,30.21,33.23,24.66,1.09,0.0,21.67,89964.74,0.0,2140.4,Low Risk Country
Sri Lanka,26.23,0.0,0.22,4173540.0,7.15812,80.39966,67.07,28.93,22.66,5.98,0.15,15.5,1094719.54,0.0,9181.79,Low Risk Country
Namibia,25.76,0.87,9.09,803788.0,-21.51266,16.91543,7.89,27.53,11.57,0.17,0.01,22.73,207055.79,6992.96,73064.33,Medium Risk Country
Thailand,25.13,0.02,1.12,16357414.0,14.36718,101.26079,74.9,29.89,23.59,13.28,0.78,15.21,4110618.14,3271.48,183203.04,Low Risk Country
Sudan,24.83,15.39,1.67,9089764.0,14.57793,31.97247,20.9,36.17,25.57,0.51,0.0,22.27,2256988.4,1398914.68,151799.06,Low Risk Country
Trinidad/Tob.,24.69,0.0,0.24,,,,,,,,,,,,,Low Risk Country
Uganda,24.6,30.23,2.54,3645095.0,0.97578,32.28228,65.84,27.3,17.39,3.36,0.01,17.33,896693.37,1101912.22,92585.41,Low Risk Country
Bhutan,24.53,0.0,1.61,251017.0,27.30641,90.23112,53.83,17.01,11.15,3.99,0.91,13.34,61574.47,0.0,4041.37,Low Risk Country
DR Congo,24.38,28.55,2.16,,,,,,,,,,,,,Low Risk Country
Malaysia,24.25,0.0,0.91,18560002.0,3.98098,104.12967,90.35,28.74,27.46,16.93,0.09,17.2,4500800.49,0.0,168896.02,Low Risk Country
Ethiopia,24.2,5.39,1.82,6884259.0,8.97763,38.42178,59.92,22.87,11.87,3.63,0.18,19.26,1665990.68,371061.56,125293.51,Low Risk Country
Angola,24.15,47.27,4.68,4740284.0,-11.00478,16.07505,38.81,26.04,12.43,1.56,0.02,21.1,1144778.59,2240732.25,221845.29,Medium Risk Country
Viet Nam,24.12,0.02,0.46,32159616.0,16.29196,106.38777,67.03,26.36,20.72,7.02,1.11,15.97,7756899.38,6431.92,147934.23,Low Risk Country
Jamaica,23.98,0.0,0.29,2364707.0,18.14455,-77.25422,62.12,28.51,20.67,1.96,0.01,18.92,567056.74,0.0,6857.65,Low Risk Country
Panama,23.93,0.0,1.2,2501302.0,8.46472,-80.7013,86.88,27.83,21.83,11.48,0.1,14.55,598561.57,0.0,30015.62,Low Risk Country
Malawi,23.88,45.12,4.59,1932348.0,-13.99957,34.52216,9.7,30.49,20.37,0.23,0.0,22.8,461444.7,871875.42,88694.77,Medium Risk Country
Burundi,23.88,47.79,3.16,662818.0,-3.30867,29.74662,31.84,25.16,14.11,2.21,0.23,19.66,158280.94,316760.72,20945.05,Medium Risk Country
Nigeria,23.87,34.69,2.29,61544522.0,8.77774,7.43609,64.46,28.4,21.43,7.12,0.69,16.76,14690677.4,21349794.68,1409369.55,Low Risk Country
Myanmar,23.48,0.21,2.27,12671515.0,18.63616,96.39635,73.9,31.27,24.28,12.98,0.88,15.47,2975271.72,26610.18,287643.39,Low Risk Country
Costa Rica,23.41,0.0,2.09,1904374.0,9.96493,-84.23855,86.64,26.02,18.77,11.15,0.37,15.73,445813.95,0.0,39801.42,Low Risk Country
Kenya,23.3,33.54,3.16,7571439.0,-0.66543,36.64066,29.26,22.99,13.52,1.06,0.35,18.14,1764145.29,2539460.64,239257.47,Medium Risk Country
Rwanda,23.2,35.78,1.89,1846189.0,-2.09176,29.74527,42.25,23.62,14.37,3.32,0.13,18.76,428315.85,660566.42,34892.97,Low Risk Country
Antigua/Bar.,22.91,0.0,0.87,,,,,,,,,,,,,Low Risk Country
Tanzania,22.48,48.99,3.42,11574103.0,-5.89145,35.50021,4.12,21.6,7.98,0.03,0.0,24.11,2601858.35,5670153.06,395834.32,Medium Risk Country
Yemen,22.46,6.67,0.81,5126518.0,14.90122,45.11888,15.61,28.72,16.65,0.44,0.02,21.92,1151415.94,341938.75,41524.8,Low Risk Country
Syria,22.22,0.0,2.74,,,,,,,,,,,,,Low Risk Country
Serbia,22.07,0.0,3.84,4803355.0,44.72297,20.4254,33.78,23.41,13.0,1.45,0.49,15.72,1060100.45,0.0,184448.83,Low Risk Country
South Sudan,21.96,49.7,2.57,1741152.0,6.99822,29.54268,65.43,32.12,22.8,3.67,0.02,18.79,382356.98,865352.54,44747.61,Low Risk Country
Venezuela,21.78,1.44,2.02,28860220.0,9.39218,-68.26906,77.44,30.11,23.4,5.48,0.03,17.39,6285755.92,415587.17,582976.44,Low Risk Country
Cape Verde,21.6,0.0,0.71,309511.0,15.75373,-23.98774,12.42,26.07,25.06,0.93,0.13,21.55,66854.38,0.0,2197.53,Low Risk Country
Argentina,21.52,0.0,1.82,36180077.0,-32.12683,-62.52983,16.75,22.97,9.69,0.84,0.26,18.17,7785952.57,0.0,658477.4,Low Risk Country
Peru,21.3,0.11,2.31,22465464.0,-11.04209,-75.30814,55.53,25.33,16.72,4.49,0.64,15.57,4785143.83,24712.01,518952.22,Low Risk Country
Nepal,21.28,0.0,2.13,3989252.0,27.75965,84.40842,63.67,30.4,22.44,7.21,0.6,15.68,848912.83,0.0,84971.07,Low Risk Country
Algeria,21.12,0.0,2.0,19039658.0,35.44413,3.47887,13.17,30.02,18.28,0.42,0.05,20.87,4021175.77,0.0,380793.16,Low Risk Country
Dominican Rep.,20.79,0.04,1.71,,,,,,,,,,,,,Low Risk Country
Tunisia,20.6,0.0,1.69,4896738.0,35.72347,9.98362,12.33,33.22,19.07,0.08,0.01,20.47,1008728.03,0.0,82754.87,Low Risk Country
India,19.9,0.59,0.47,308535980.0,21.68598,79.28623,64.13,29.11,21.6,12.14,0.81,14.69,61398660.02,1820362.28,1450119.11,Low Risk Country
Lebanon,19.79,0.0,4.6,4274250.0,33.80541,35.67922,15.36,24.57,14.78,0.37,0.0,21.44,845874.08,0.0,196615.5,Low Risk Country
Cambodia,19.52,0.64,1.68,3524321.0,12.30229,104.56564,80.29,31.48,25.01,8.41,0.09,17.04,687947.46,22555.65,59208.59,Low Risk Country
Indonesia,19.3,0.44,1.61,70092795.0,-3.83631,112.51082,74.85,27.93,26.99,9.01,0.04,18.18,13527909.44,308408.3,1128494.0,Low Risk Country
Turkey,19.06,0.0,1.73,63717971.0,39.04154,34.79225,17.12,23.31,11.54,0.46,0.08,19.97,12144645.27,0.0,1102320.9,Low Risk Country
Madagascar,18.76,22.36,3.69,4732673.0,-19.35448,47.38451,24.31,22.07,10.74,1.67,0.08,20.14,887849.45,1058225.68,174635.63,Medium Risk Country
Oman,18.16,0.0,0.75,2579609.0,23.19488,57.16062,23.24,30.61,19.91,1.11,0.12,20.49,468456.99,0.0,19347.07,Low Risk Country
Mongolia,17.88,0.0,0.81,1445731.0,47.49002,102.3956,29.38,13.9,0.51,1.09,0.22,16.35,258496.7,0.0,11710.42,Low Risk Country
Iran,17.84,0.0,0.77,40072202.0,33.67961,51.90969,3.97,32.86,21.51,0.12,0.09,21.81,7148880.84,0.0,308555.96,Low Risk Country
Azerbaijan,17.11,0.0,1.44,4384421.0,40.29711,47.75473,20.96,28.18,17.07,0.44,0.17,16.71,750174.43,0.0,63135.66,Low Risk Country
Saint Vincent,16.54,0.0,0.87,,,,,,,,,,,,,Low Risk Country
Israel,16.54,0.0,2.83,8480241.0,32.27988,35.0622,8.02,29.26,20.14,0.27,0.0,20.89,1402631.86,0.0,239990.82,Low Risk Country
Solomon Isl.,16.49,32.22,0.0,,,,,,,,,,,,,Low Risk Country
Barbados,16.3,0.0,0.57,109103.0,13.18311,-59.57415,57.48,28.17,24.47,3.14,0.0,20.73,17783.79,0.0,621.89,Low Risk Country
No Macedonia,15.54,0.0,4.0,,,,,,,,,,,,,Low Risk Country
Brazil,15.46,0.02,2.06,134594036.0,-15.93628,-45.34543,23.12,29.43,17.81,1.85,0.21,20.28,20808237.97,26918.81,2772637.14,Low Risk Country
Turkmenistan,14.39,0.0,1.38,2015858.0,39.05921,59.86378,5.65,29.79,18.69,0.09,0.02,19.98,290081.97,0.0,27818.84,Low Risk Country
Uruguay,14.07,0.0,2.34,2694273.0,-33.57798,-56.20697,30.66,19.57,8.55,2.02,0.68,16.22,379084.21,0.0,63045.99,Low Risk Country
Chile,13.52,0.0,1.83,13178789.0,-34.09079,-71.73219,25.05,15.59,9.36,1.8,0.7,17.26,1781772.27,0.0,241171.84,Low Risk Country
Montenegro,13.42,0.0,1.12,496702.0,42.54635,19.17884,23.77,26.1,15.68,4.39,0.95,16.8,66657.41,0.0,5563.06,Low Risk Country
United States,13.08,0.0,2.36,267757731.0,38.43291,-90.31867,26.66,24.74,13.22,1.9,0.53,18.01,35022711.21,0.0,6319082.45,Low Risk Country
New Guinea,13.07,28.53,9.28,,,,,,,,,,,,,Medium Risk Country
North Korea,12.98,0.0,0.55,,,,,,,,,,,,,Low Risk Country
Uzbekistan,12.57,0.0,0.73,8279496.0,40.54811,67.15865,13.33,27.32,15.69,0.37,0.19,18.99,1040732.65,0.0,60440.32,Low Risk Country
Georgia,12.52,0.0,2.09,2386094.0,42.09693,43.21342,43.52,24.05,15.23,4.05,1.23,14.64,298738.97,0.0,49869.36,Low Risk Country
Kuwait,12.44,0.0,1.24,1698635.0,29.22847,48.04711,5.35,38.02,27.53,0.26,0.05,21.73,211310.19,0.0,21063.07,Low Risk Country
Colombia,12.32,0.05,1.84,38170592.0,5.68069,-74.75902,74.73,30.8,23.12,5.92,0.01,19.91,4702616.93,19085.3,702338.89,Low Risk Country
Greece,12.11,0.0,1.61,8833274.0,38.90449,23.20707,20.2,25.0,17.6,1.44,0.54,18.56,1069709.48,0.0,142215.71,Low Risk Country
Singapore,12.04,0.0,0.71,6047820.0,1.33757,103.85838,84.53,30.1,25.73,7.57,0.16,15.21,728157.53,0.0,42939.52,Low Risk Country
Romania,11.95,0.0,2.6,24913257.0,45.80384,25.13142,49.96,20.07,9.5,1.42,0.34,14.43,2977134.21,0.0,647744.68,Low Risk Country
Bulgaria,11.77,0.0,2.17,5333123.0,42.80929,25.17351,27.77,17.92,10.8,1.71,0.42,16.16,627708.58,0.0,115728.77,Low Risk Country
Croatia,11.17,0.0,3.49,3114171.0,45.14743,16.46729,51.96,23.15,12.08,2.3,1.19,14.33,347852.9,0.0,108684.57,Low Risk Country
Armenia,10.63,0.0,1.36,2516274.0,40.30572,44.63803,18.37,22.81,12.74,0.65,0.13,18.89,267479.93,0.0,34221.33,Low Risk Country
Bosnia/Herzeg.,10.63,0.0,2.26,,,,,,,,,,,,,Low Risk Country
China,10.39,0.0,1.05,673973115.0,32.65788,110.04284,37.84,22.29,14.78,2.7,1.33,14.35,70025806.65,0.0,7076717.71,Low Risk Country
South Korea,9.92,0.0,0.6,,,,,,,,,,,,,Low Risk Country
Bangladesh,9.14,0.03,0.68,26730551.0,23.83343,90.13452,63.46,31.83,24.36,6.45,0.59,15.87,2443172.36,8019.17,181767.75,Low Risk Country
Kazakhstan,9.09,0.0,1.57,10074283.0,48.498,69.3851,17.12,18.45,7.01,0.45,0.07,15.64,915752.32,0.0,158166.24,Low Risk Country
Cyprus,9.09,0.0,1.96,886319.0,34.97266,33.21976,11.48,27.94,16.89,0.24,0.0,20.68,80566.4,0.0,17371.85,Low Risk Country
Tajikistan,8.73,0.0,0.91,1907246.0,38.73689,69.52499,34.44,11.01,4.61,3.85,0.21,17.25,166502.58,0.0,17355.94,Low Risk Country
Albania,8.43,0.0,1.38,1670961.0,41.10195,20.01711,26.46,27.56,15.87,2.29,0.49,17.33,140862.01,0.0,23059.26,Low Risk Country
Cuba,8.34,0.0,2.28,10865255.0,21.93496,-79.61277,51.68,29.33,21.79,2.06,0.02,20.02,906162.27,0.0,247727.81,Low Risk Country
Slovakia,8.06,0.0,3.59,2969797.0,48.71345,19.18659,44.04,18.96,7.7,1.58,0.63,13.9,239365.64,0.0,106615.71,Low Risk Country
Kyrgyzstan,8.04,0.0,1.41,2105772.0,41.15839,72.8737,40.92,23.09,13.5,3.66,1.1,17.59,169304.07,0.0,29691.39,Low Risk Country
Austria,7.82,0.0,2.71,8171237.0,47.61717,14.36834,51.29,16.41,9.01,4.04,2.87,13.19,638990.73,0.0,221440.52,Low Risk Country
Germany,7.81,0.0,2.02,88876287.0,50.634,10.23518,44.2,17.12,9.33,1.72,0.99,13.32,6941238.01,0.0,1795301.0,Low Risk Country
Belgium,7.64,0.0,2.14,15411242.0,50.73683,4.52012,43.31,19.74,10.84,2.12,1.36,12.91,1177418.89,0.0,329800.58,Low Risk Country
Japan,7.61,0.0,0.42,110070300.0,35.95657,136.9368,56.02,19.11,12.05,6.3,3.18,13.3,8376349.83,0.0,462295.26,Low Risk Country
Portugal,7.45,0.0,1.88,8667676.0,39.56948,-9.84642,28.42,19.68,18.33,1.85,0.13,17.73,645741.86,0.0,162952.31,Low Risk Country
Malta,6.68,0.0,1.5,401235.0,35.91646,14.43106,11.93,27.78,22.22,0.58,0.07,19.49,26802.5,0.0,6018.52,Low Risk Country
Czech Republic,6.53,0.0,2.77,8621643.0,49.7507,15.73241,46.34,17.18,9.67,2.33,1.45,12.25,562993.29,0.0,238819.51,Low Risk Country
Latvia,6.43,0.0,3.11,1695243.0,56.9085,24.57511,39.19,15.88,8.48,2.08,0.97,11.38,109004.12,0.0,52722.06,Low Risk Country
Luxembourg,6.35,0.0,1.92,372772.0,49.69513,6.11127,46.13,19.42,9.64,1.71,1.03,13.64,23671.02,0.0,7157.22,Low Risk Country
Ireland,6.12,0.0,3.15,3961244.0,53.2094,-7.37304,37.33,16.38,8.99,2.44,1.38,11.06,242428.13,0.0,124779.19,Low Risk Country
Denmark,5.79,0.0,3.04,5056318.0,55.86625,10.63437,41.85,15.79,12.8,1.81,0.66,12.22,292760.81,0.0,153712.07,Low Risk Country
Spain,5.51,0.0,1.54,52039860.0,40.56075,-3.23094,20.13,27.09,14.3,0.81,0.19,20.06,2867396.29,0.0,801413.84,Low Risk Country
Moldova,5.43,0.0,2.1,1847686.0,47.12517,28.62968,28.59,20.7,11.05,1.0,0.44,14.04,100329.35,0.0,38801.41,Low Risk Country
Netherlands,5.19,0.0,2.94,16408103.0,52.05105,5.4689,42.82,19.2,10.43,1.96,1.32,12.48,851580.55,0.0,482398.23,Low Risk Country
Italy,5.16,0.0,2.05,53824248.0,43.42378,11.60015,31.37,25.06,13.46,4.28,0.73,17.07,2777331.2,0.0,1103397.08,Low Risk Country
Australia,5.16,0.0,4.76,40255797.0,-32.26328,144.07703,23.54,20.64,9.84,1.61,0.4,16.07,2077199.13,0.0,1916175.94,Low Risk Country
Sweden,5.07,0.0,2.9,9500790.0,58.97758,15.35415,40.96,15.37,8.19,1.71,0.7,11.07,481690.05,0.0,275522.91,Low Risk Country
Canada,4.99,0.0,2.27,32507672.0,47.60813,-86.51517,40.72,10.67,8.21,2.16,0.95,15.41,1622132.83,0.0,737924.15,Low Risk Country
France,4.86,0.0,2.18,54691966.0,46.99095,2.47562,43.16,22.79,12.49,2.22,1.59,14.92,2658029.55,0.0,1192284.86,Low Risk Country
Lithuania,4.85,0.0,3.09,2835365.0,55.18796,23.82584,36.26,16.63,8.62,1.41,0.68,11.51,137515.2,0.0,87612.78,Low Risk Country
Estonia,4.73,0.0,2.51,997940.0,58.86021,25.5141,41.16,15.13,7.35,1.23,0.39,11.02,47202.56,0.0,25048.29,Low Risk Country
Russia,4.7,0.0,2.35,,,,,,,,,,,,,Low Risk Country
Poland,4.69,0.0,2.72,29146631.0,51.458,19.48433,39.01,17.52,9.67,1.83,0.65,12.51,1366976.99,0.0,792788.36,Low Risk Country
Switzerland,4.61,0.0,2.39,7375148.0,47.06528,8.11235,57.8,18.51,9.26,3.9,2.68,14.38,339994.32,0.0,176266.04,Low Risk Country
Norway,4.28,0.0,3.96,3337963.0,62.08111,10.36443,43.53,9.16,2.16,1.67,0.96,9.92,142864.82,0.0,132183.33,Low Risk Country
New Zealand,4.19,0.0,6.63,5638908.0,-40.07134,173.40483,46.63,14.24,12.76,5.03,1.95,14.11,236270.25,0.0,373859.6,Low Risk Country
Iceland,4.0,0.0,2.01,278685.0,64.60836,-20.27493,58.28,1.0,-1.57,6.4,3.66,9.05,11147.4,0.0,5601.57,Low Risk Country
Hungary,3.88,0.0,2.81,10311030.0,47.3035,19.60546,30.5,21.58,11.63,1.3,0.53,14.9,400067.96,0.0,289739.94,Low Risk Country
United Kingdom,2.86,0.0,2.62,70185008.0,52.87165,-1.87258,37.07,17.44,9.94,1.52,0.87,12.15,2007291.23,0.0,1838847.21,Low Risk Country
Ukraine,2.72,0.0,2.7,32847337.0,47.89951,30.79562,,,,,,,893447.57,0.0,886878.1,Low Risk Country
Belarus,2.7,0.0,1.81,7097388.0,53.57426,27.81115,36.52,16.3,8.52,1.72,0.89,11.63,191629.48,0.0,128462.72,Low Risk Country
Slovenia,2.34,0.0,3.86,1197883.0,46.22262,14.9856,41.59,20.62,12.39,3.54,2.52,14.36,28030.46,0.0,46238.28,Low Risk Country
Finland,2.05,0.0,2.23,5856320.0,62.24682,24.91347,46.62,13.29,7.04,2.28,0.69,9.82,120054.56,0.0,130595.94,Low Risk Country
